Reference,Value,Datasheet,Footprint,Qty,DNP
A1,Arduino_Nano_v3.x,https://www.aliexpress.com/item/1005006989738984.html?spm=a2g0o.order_list.order_list_main.5.50da18027JW4Xq,Module:Arduino_Nano,1,
"C1,C5",35ZLJ100M6.3X11,https://uk.farnell.com/rubycon/35zlj100m6-3x11/cap-100-f-35v-20/dp/1831279,Capacitor_THT:CP_Radial_D10.0mm_P5.00mm,2,
C2,16YXG1000MEFC12.5X16,https://uk.farnell.com/rubycon/16yxg1000mefc12-5x16/cap-1000-f-16v-20/dp/2346189,Capacitor_THT:CP_Radial_D12.5mm_P5.00mm,1,
"C3,C4,C6,C7",K104K15X7RF5TH5R,https://uk.farnell.com/vishay/k104k15x7rf5th5r/cap-aec-q200-0-1uf-50v-mlcc-radial/dp/3261718,Capacitor_THT:C_Disc_D5.0mm_W2.5mm_P2.50mm,4,
D1,W10G,https://www.vishay.com/docs/88769/woo5g.pdf,Diode_THT:Diode_Bridge_Round_D9.8mm,1,
D2,SB240,https://uk.rs-online.com/web/p/schottky-diodes-rectifiers/8129314?gb=s,,1,
"D3,D4,D5",LED,~,,3,
J1,Hirose RPC-12P-6S(73),http://www.mouser.com/ds/2/18/40_c091_abd_e-75918.pdf,!,1,
"J2,J3",Hirose RPC-12RB-6p(71),http://www.mouser.com/ds/2/18/40_c091_abd_e-75918.pdf,!,2,
J4,Binder 09-0998-00-05,http://www.mouser.com/ds/2/18/40_c091_abd_e-75918.pdf,!,1,
"J5,J8",TE Connectivity 1-1123723-3,https://uk.rs-online.com/web/p/pcb-headers/7195142?searchId=2a01f511-e660-4f3e-b346-25d04cf101a7&gb=s,!,2,
J6,Conn_01x10_Socket,,Connector_PinHeader_2.54mm:PinHeader_1x10_P2.54mm_Vertical,1,
J7,PHOENIX CONTACT 1844359,https://uk.farnell.com/phoenix-contact/mc-1-5-16-g-3-5/terminal-block-header-16pos-tht/dp/2776347,"TerminalBlock_Phoenix:TerminalBlock_Phoenix_PT-1,5-16-3.5-H_1x16_P3.50mm_Horizontal",1,
"K1,K2,K4,K5,K6,K7,K8,K9,K11",PANASONIC APF10205,https://uk.farnell.com/panasonic/apf10205/power-relay-spst-no-5vdc-6a-thd/dp/2503684,Relay_THT:Relay_SPDT_Finder_34.51_Vertical,9,
K3,PANASONIC APF10205,https://uk.farnell.com/panasonic/apf10205/power-relay-spst-no-5vdc-6a-thd/dp/2503684,Relay_THT:Relay_SPDT_Finder_34.51_Vertical,1,
K10,SCHRACK - TE CONNECTIVITY RT334005,https://uk.farnell.com/schrack-te-connectivity/rt334005/power-relay-spst-no-16a-250vac/dp/2885605,Relay_THT:Relay_DPST_Schrack-RT2-FormA_RM5mm,1,
L1,100uH,~,Inductor_THT:L_Radial_D10.0mm_P5.00mm_Fastron_07M,1,
"R1,R2,R3",10k,~,Resistor_THT:R_Axial_DIN0309_L9.0mm_D3.2mm_P12.70mm_Horizontal,3,
"R4,R5,R6",1k,~,Resistor_THT:R_Axial_DIN0309_L9.0mm_D3.2mm_P12.70mm_Horizontal,3,
"SW1,SW2,SW3",SW_Push,https://www.aliexpress.com/item/1005003706081482.html?spm=a2g0o.order_list.order_list_main.39.50da18027JW4Xq,,3,
T1,MYRRA 45032,https://uk.farnell.com/myrra/45032/transformer-10va-115-230v-2-x/dp/1214630,Transformer_THT:Transformer_DAGNALL D2202_VA-44x52,1,
U1,ULN2003A,http://www.ti.com/lit/ds/symlink/uln2003a.pdf,Package_DIP:DIP-16_W7.62mm,1,
U2,LM2576TV-5G,https://uk.farnell.com/on-semiconductor/lm2576tv-5g/dc-dc-conv-buck-52khz-to-220-5/dp/2534181,Package_TO_SOT_THT:TO-220-5_Vertical,1,
Case,,https://www.aliexpress.com/item/1005004744890716.html?spm=a2g0o.order_list.order_list_main.10.50da18027JW4Xq,!,1,
Stand,,https://www.aliexpress.com/item/1005006522704854.html?spm=a2g0o.order_list.order_list_main.28.50da18027JW4Xq,!,1,